,Artist,0
0,$OHO BANI,E
1,$uicideboy$,D
2,&ME,E
3,(G)I-DLE,E
4,.diedlonely,D
5,10CM,E
6,13 Organisï¿,D
7,1da Banton,C
8,1nonly,A
9,24kGoldn,C
10,310babii,C
11,347aidan,D
12,4*TOWN (From Disney and Pixarï¿½ï¿½ï¿½s Turnin,D
13,41,E
14,42 Dugg,E
15,5 Seconds of Summer,B
16,50 Cent,E
17,5ive,D
18,5ï¿½ï¿½ï¿,D
19,6YNTHMANE,D
20,6arelyhuman,D
21,A Boogie Wit da Hoodie,D
22,A Great Big World,D
23,A$AP Ferg,B
24,A.V.G,D
25,A1 x J1,D
26,ACRAZE,E
27,AJR,C
28,AKDO,E
29,AKMU,D
30,ALEX&RUS,E
31,ALPHA 9,E
32,ALTï¿½ï,D
33,ALYPH,D
34,ANGGA DERMAWAN,E
35,ANNA ASTI,D
36,ANOTR,E
37,AP Dhillon,E
38,ATB,B
39,ATEEZ,D
40,AUR,D
41,AURORA,C
42,AWOLNATION,C
43,AYLIVA,E
44,Aaron Smith,C
45,Aastha Gill,D
46,Abd El Fattah Grini,E
47,Adam Port,E
48,Aditya Gadhvi,E
49,Ado,C
50,Afsana Khan,E
51,AgroPlay,B
52,Agust D,C
53,Ahmed Saad,D
54,Aimer,E
55,Aitch,E
56,Akhil Sachdeva,E
57,Akon,S
58,Akris & Teddy,E
59,Alan Walker,D
60,Aldo Zee,D
61,Alec Benjamin,A
62,Alejo,D
63,Alessandra,D
64,Alesso,C
65,Alex & Sierra,C
66,Alex Favela,A
67,Alex Rose,E
68,Alex Sensation,C
69,Alex Temple,E
70,Alex Warren,E
71,Alfianie,C
72,Ali Gatie,A
73,Alok,D
74,Alvaro Diaz,C
75,Alvaro Soler,E
76,Alvee,D
77,Amaarae,E
78,Aman Jaji,E
79,Ambjaay,D
80,American Authors,E
81,Aminï¿,B
82,Amo988,D
83,Amrinder Gill,E
84,Ana Castela,E
85,Ander Huang,D
86,Andy Grammer,A
87,Angelina Mango,D
88,Anggi Marito,D
89,Angi Fire,E
90,Anirudh Ravichander,D
91,Anitta,C
92,Annalisa,D
93,Anne-Marie,B
94,AnnenMayKantereit,E
95,Anni K,E
96,Anuel AA,C
97,Anuv Jain,D
98,Arctic Monkeys,B
99,Arcï¿½ï¿½,D
100,Aretha Franklin,E
101,Ariana DeBose,D
102,Arijit Singh,D
103,Arizona Zervas,E
104,Armaan Malik,E
105,Armani White,E
106,AronChupa,E
107,Artemas,C
108,Arthur Hill,D
109,Arthur Miguel,D
110,Asake,D
111,Ashley Mehta,D
112,Ashnikko,D
113,Atif Aslam,E
114,Au/Ra,E
115,Auli'i Cravalho,E
116,Aurel Surya Lie,E
117,Ava Max,C
118,Aventura,B
119,Avicii,S
120,Axwell /\ Ingrosso,B
121,Aya Nakamura,E
122,Ayaz Erdoï¿½ï,E
123,Ayo & Teo,C
124,Ayra Starr,D
125,B Praak,E
126,BABYMETAL,E
127,BABYMONSTER,D
128,BANDIDO,E
129,BANNERS,C
130,BE:FIRST,E
131,BENEE,C
132,BENNETT,E
133,BINI,E
134,BLACKPINK,C
135,BM,E
136,BROCKHAMPTON,D
137,BUNT.,D
138,BUSHIDO ZHO,E
139,Baani Sandhu,E
140,Baba Blakes,E
141,Babasha,E
142,Baby Gang,D
143,Baby Lasagna,E
144,Baby Lullaby,E
145,Babyface Ray,E
146,Bad Gyal,D
147,Bad Omens,D
148,Bad Wolves,E
149,Badger,E
150,Badshah,C
151,Bahaa Sultan,E
152,Bailey Zimmerman,D
153,Bakar,D
154,Bakermat,D
155,Balti,E
156,Banda Coraleï¿½,E
157,Barracca Republic,D
158,Bastille,S
159,Bayanni,C
160,Bayhan,E
161,Bazzi,E
162,Bb trickz,E
163,Beach House,E
164,Beach Weather,B
165,Bebefinn,E
166,Becky G,C
167,Becky Hill,D
168,Belinda,E
169,Bellakath,D
170,Benson Boone,C
171,Bento e Totï¿,E
172,Beny Jr,C
173,Benzz,D
174,Betillo Guerrero,C
175,Beyoncï¿,C
176,Bgnzinho,D
177,Bhavi,E
178,Bheems Ceciroleo,E
179,Bibi Babydoll,D
180,Big One,A
181,BigXthaPlug,D
182,Billy Gillies,E
183,Bingo Club,E
184,Biomigrant,E
185,Biper Y Sus Amigos,D
186,Bishop Briggs,E
187,Bizarrap,D
188,Black Eyed Peas,B
189,Black Pumas,E
190,Blake Shelton,D
191,Blanco Brown,D
192,Blessd,D
193,BlocBoy JB,B
194,Blood Dance,E
195,Blueface,D
196,Blxst,E
197,Bo Burnham,D
198,Boaz van de Beatz,E
199,Bob Sinclar,D
200,Bobby Shmurda,E
201,Bolofofos,E
202,Bonnadol,D
203,Bounce Oï¿½ï¿½ï¿,D
204,BoyWithUke,C
205,Boza,D
206,Brent Faiyaz,D
207,Brett Young,E
208,Bring Me The Horizon,E
209,Brisa Star,C
210,Britney Manson,C
211,Brray,D
212,Bruno Portinho Trilhas para filmes,C
213,Bryan Martin,D
214,Bryson Tiller,B
215,Brytiago,E
216,Bulan Sutena,D
217,Burak Bulut,D
218,Burna Boy,E
219,Byron Messia,D
220,Bï¿½ï¿,D
221,C. Tangana,D
222,CHINCHILLA,C
223,CJ,E
224,CKay,E
225,CNCO,D
226,CYRIL,D
227,Calboy,C
228,Cali Y El Dandee,E
229,Calibre 50,E
230,Calle 24,E
231,Calum Scott,D
232,Calvin Harris,S
233,Camidoh,D
234,Camilo,D
235,Campbell,E
236,Canbay & Wolker,D
237,Capital Cities,C
238,Carbonne,E
239,Cardi B,E
240,Carella,D
241,Carin Leon,E
242,Carlos Vives,D
243,Carly Pearce,D
244,Carly Rae Jepsen,S
245,Carolina Gaitï¿½ï¿½n - La G,C
246,Carrier,E
247,Cartel De Santa,D
248,Cash Cobain,E
249,Casper Magico,E
250,Cavendish Music,E
251,Cazzu,D
252,Central Cee,C
253,Chappell Roan,D
254,Charli xcx,D
255,Charlie Puth,A
256,Charly Black,D
257,Chase & Status,E
258,Chayanne,C
259,Chayce Beckham,D
260,Chencho Corleone,E
261,Chike,D
262,Chino Pacas,A
263,Chlï¿½,E
264,Chord Overstreet,C
265,Chris Grey,E
266,Chris Jedi,D
267,Chris Lebron,D
268,Chris Stapleton,E
269,Chris Young,D
270,Christian Nodal,C
271,Christina Perri,C
272,Cian Ducrot,D
273,Ciara,D
274,Cigarettes After Sex,B
275,Claire Rosinkranz,E
276,Clara La San,D
277,Clean Bandit,B
278,Cleffy,D
279,Clinton Kane,C
280,Clovis Reyes,D
281,CoComelon,E
282,Cochise,A
283,Coco Jones,E
284,Codiciado,E
285,Cody Johnson,D
286,Coi Leray,E
287,Coldplay,D
288,Cole Swindell,D
289,Colouour,E
290,Conan Gray,B
291,Conjunto Rienda Real,D
292,Conkarah,E
293,Connor Price,D
294,Coolio,B
295,Corey Kent,D
296,Coyote Theory,E
297,Crayon,D
298,Crazy Frog,D
299,Creeds,C
300,Creepy Nuts,D
301,Cris Mj,D
302,Curtis Waters,E
303,Cï¿½ï¿½dig,D
304,D Billions,E
305,D Gerrard,D
306,D-Block Europe,D
307,D. Savage,E
308,DAMIEN,E
309,DDG,C
310,DELLAFUENTE,D
311,DENNIS,C
312,DJ Boneng,E
313,DJ Jeeh FDC,D
314,DJ Khaled,S
315,DJ LG PROD,E
316,DJ Luian,C
317,DJ MOIGUS,C
318,DJ Meetch,E
319,DJ RICK 013,C
320,DJ Snake,D
321,DJ TOPO,E
322,DJ Tao,E
323,DJ USUP,D
324,DJ Ws da Igrejinha,E
325,DNCE,B
326,DRAM,E
327,DUSTY LOCANE,C
328,DVRST,E
329,DYSTINCT,D
330,Dadju,D
331,Dafina Zeqiri,E
332,Daft Punk,C
333,Dalex,D
334,Dan + Shay,S
335,Dan Ventura,C
336,DaniLeigh,E
337,Daniel Caesar,A
338,Danilo Stankovic,E
339,Danna Paola,E
340,Danny Ocean,C
341,Darell,C
342,Darius Rucker,E
343,Darshan Raval,E
344,Dasha,D
345,Dave,E
346,David Guetta,B
347,David Jackson,E
348,David Kushner,D
349,David Morris,D
350,Davido,C
351,Dawin,D
352,Daya,D
353,Dayglow,C
354,Dayvi,D
355,Dean Lewis,B
356,Deep Chills,E
357,Dei V,D
358,Dennis Lloyd,B
359,Dermot Kennedy,C
360,Derya Yildirim,E
361,Desiigner,D
362,Destroy Lonely,D
363,Dezko,D
364,Dhee,E
365,Dhruv,E
366,Dhvani Bhanushali,E
367,Diamond Platnumz,D
368,Diane Guerrero,D
369,Dianï¿½,E
370,Diego & Victor Hugo,C
371,Digga D,D
372,Dilaw,C
373,Diler Kharkiya,E
374,Diljit Dosanjh,E
375,Dimitri Vegas & Like Mike,D
376,Diplo,E
377,Dirty Heads,E
378,Disclosure,D
379,Disco Lines,E
380,Disturbed,D
381,Dj Bentoa,D
382,Dj LK da Escï¿½ï¿,E
383,Dj Yo!,C
384,Djo,D
385,DnK,D
386,Doechii,C
387,Dominic Fike,E
388,Don Omar,S
389,Don Toliver,C
390,Donald,E
391,Dove Cameron,C
392,Down Time,E
393,DripReport,D
394,Dro Perez,D
395,Duke & Jones,E
396,Duke Dumont,B
397,Duki,D
398,Duncan Laurence,C
399,Duo Tiempo de Sol,D
400,Durdenhauer,D
401,Dustin Lynch,E
402,Dwayne Johnson,E
403,Dxrk ï¿½ï¿½ï¿½,E
404,Dyamante DJ,D
405,Dyan Dxddy,E
406,Dylan Gossett,D
407,Dylan Scott,E
408,Dynoro,D
409,Dï¿½ï¿½melo ,D
410,EBK Jaaybo,E
411,ELITE Djs,E
412,ENHYPEN,C
413,EXO,E
414,Ebru Yaï¿½ï,D
415,Echosmith,C
416,Ecko Show,D
417,Eclipse,E
418,Ed Maverick,C
419,Eden Muï¿½ï,C
420,Edith Whiskers,E
421,Edward Maya,E
422,Egzod,D
423,El Alfa,E
424,El Chombo,C
425,El Gudi,C
426,El Jordan 23,E
427,El Malilla,E
428,El Reino Infantil,E
429,El Turko,E
430,ElMusto,E
431,Eladio Carrion,D
432,Elevation Worship,D
433,Eli Brown,E
434,Elissa,E
435,Eliza Rose,C
436,Ella Mai,E
437,Elle King,D
438,Elley Duhï¿,D
439,Ellie Goulding,S
440,ElyOtto,E
441,Em Beihold,A
442,Emanero,D
443,Emilia,D
444,Emir Can ï¿½ï¿½ï,D
445,Emiway Bantai,E
446,Emkal,D
447,Emmy Meli,C
448,Empire Of The Sun,A
449,Endor,E
450,Enrique Iglesias,E
451,Eric Land,D
452,Erica Banks,C
453,Eslabon Armado,C
454,Eternxlkz,D
455,Eunice Manyanga,E
456,Evanescence,B
457,Eve,D
458,Exhumed,E
459,Eyedress,D
460,FARIANA,D
461,FIFTY FIFTY,E
462,FISHER,E
463,FLI:P,E
464,Fabio Asher,D
465,Fall Out Boy,C
466,Falling In Reverse,E
467,Famous Dex,D
468,Faouzia,D
469,Farruko,D
470,Favï¿,D
471,Feid,C
472,Felipe Amorim,D
473,Felix Jaehn,C
474,FelixThe1st,E
475,Fer Vazquez,D
476,Fifth Harmony,B
477,Fire! Orchestra,E
478,Fireboy DML,C
479,Flex (UK),E
480,Flipp Dinero,C
481,Flo Rida,C
482,Florida Georgia Line,E
483,FloyyMenor,D
484,Foster The People,B
485,Foudeqush,D
486,Fousheï¿,D
487,Franglish,E
488,Fred again..,D
489,Freddie Dredd,C
490,French Montana,D
491,Frenna,E
492,Fresh X Reckless,D
493,Fridayy,E
494,Fuerza Regida,A
495,Fujii Kaze,E
496,G-Eazy,C
497,G.D. Kaur,E
498,GAYLE,E
499,GC Eternal,D
500,GIMS,E
501,Gabby Barrett,E
502,Gabito Ballesteros,D
503,Gabriela Rocha,D
504,Gabry Ponte,C
505,Galantis,A
506,Galibri & Mavik,C
507,Galinha Pintadinha,D
508,Gallina Pintadita,E
509,Garry Sandhu,E
510,Gazo,C
511,Gente De Zona,E
512,Geolier,D
513,George Ezra,A
514,Gera MX,E
515,Gerardo Coronel,D
516,Gesaffelstein,B
517,Ghali,E
518,Ghaliaa,D
519,Ghea Indrawari,E
520,Ghost,B
521,Ghostemane,A
522,Ghostface Playa,C
523,Giblack,E
524,Giveon,D
525,Glass Animals,C
526,GloRilla,D
527,Glwzbll,C
528,Good Kid,E
529,Goovex,E
530,Gorillaz,D
531,Gotye,C
532,Goya Menor,C
533,Gracie Abrams,E
534,Gracie's Corner,E
535,Grant Averill,E
536,Green Day,D
537,Grupo Firme,D
538,Grupo Frontera,C
539,Grupo Los de la O,C
540,Grupo Marca Registrada,D
541,Grupo la Cumbia,C
542,Gucci Mane,C
543,Guilherme & Benuto,C
544,Gummibï¿½,D
545,Guns N' Roses,S
546,Guri,A
547,Guru Randhawa,E
548,Gustixa,D
549,Gusttavo Lima,C
550,Guy Mac,E
551,Gya,E
552,Gym Class Heroes,B
553,HARDY,D
554,HCTM,C
555,HISTED,C
556,HRVY,D
557,HVME,A
558,HWASA,C
559,Ha*Ash,E
560,Hachi,E
561,Halodayï¿,D
562,Hana Cï¿½ï¿½ï¿½m,D
563,Hannah Laing,E
564,Happy Asmara,C
565,Harjeet Deewana,E
566,HarmonicoHCO,C
567,Harrdy Sandhu,D
568,Hassan Goldy,E
569,Heijan,D
570,Henry Moodie,D
571,Hensonn,E
572,Heuss L'enfoirï¿,E
573,Himesh Reshammiya,E
574,Hippie Sabotage,E
575,Hitkidd,D
576,HoneyWorks,E
577,HoodBlaq,E
578,Hoshimachi Suisei,E
579,Hotel Ugly,B
580,Hozier,B
581,Hoï¿½ï¿½ng ,E
582,Huda Sisters,E
583,Hugh Jackman,B
584,Hundreds,E
585,Hussain Aljassmi,E
586,Hypaton,E
587,ILLIT,D
588,ILOVEMAKONNEN,E
589,INJI,E
590,INNA,C
591,INTERWORLD,D
592,IShowSpeed,D
593,ITZY,A
594,IVE,A
595,Ian Lucas,E
596,Ice Beats Slide,D
597,Ice Spice,C
598,Idina Menzel,D
599,Iggy Azalea,E
600,Ikka,E
601,Imagine Dragons,D
602,Imanbek,E
603,Inder Arya,E
604,Indila,D
605,Ingratax,E
606,Iniko,D
607,Internet Money,D
608,Ir Sais,E
609,Isabel LaRosa,D
610,Isaias Saad,E
611,Israel & Rodolffo,E
612,Israel Kamakawiwo'ole,E
613,Ivan Cornejo,D
614,Iyanya,C
615,Iyaz,E
616,Izellah,D
617,Izzamuzzic,C
618,J Hus,D
619,J Ross,E
620,JACKBOYS,D
621,JC NO BEAT,D
622,JC Reyes,E
623,JENNIE,E
624,JEON SOMI,D
625,JID,D
626,JIN,D
627,JISOO,E
628,JNR CHOI,E
629,JO1,E
630,JP Saxe,D
631,JT,E
632,JVKE,C
633,JVLA,D
634,JZyNo,D
635,Jack Black,D
636,Jack ï¿,S
637,Jah Khalib,D
638,James Arthur,B
639,James Bay,B
640,James Hype,D
641,Jamie Miller,D
642,Jamik Jams,D
643,Japï¿½ï¿½,C
644,Jasleen Royal,D
645,Jasmine Sandlas,D
646,Jason Aldean,D
647,Jason Derulo,D
648,Jason Mraz,B
649,Jassie Gill,E
650,Javed Ali,C
651,Javed-Mohsin,E
652,Jawsh 685,E
653,Jax,C
654,Jax Jones,D
655,Jaxomy,E
656,Jay Rock,D
657,Jay Wheeler,D
658,JayO,D
659,Jaymes Young,E
660,Jaziel Avilez,E
661,Jazzdauren,E
662,Jazzy,D
663,Jeff Satur,E
664,Jelly Roll,D
665,Jengi,D
666,Jennifer Lopez,C
667,Jere Klein,D
668,Jeremih,E
669,Jeremy Zucker,C
670,Jerry Di,C
671,Jesse & Joy,E
672,Jessi,C
673,Jessica Darrow,C
674,Jessie J,B
675,Jey One,C
676,Jhay Cortez,C
677,Jhayco,D
678,Jhenï¿½ï¿½ ,E
679,Jimin,C
680,Joaquin Guiller,D
681,Joeboy,D
682,Joel Corry,C
683,John Legend,S
684,John Summit,E
685,Johnny Orlando,D
686,Jon Pardi,D
687,Jonas Blue,D
688,Jonas Brothers,S
689,Joost,E
690,Jordan Davis,D
691,Jorja Smith,D
692,Jovanie,D
693,Jowell & Randy,D
694,Joyner Lucas,D
695,Jubin Nautiyal,E
696,Julia Michaels,B
697,Julianno Sosa,D
698,Juliï¿½ï¿½n ï¿½ï¿½lvarez y su Norteï,D
699,Jung Kook,D
700,Jungeli,D
701,Jungle,D
702,Junior H,C
703,Justice,E
704,Justin Quiles,D
705,Justin Wellington,D
706,Justine Skye,C
707,Jux,D
708,K CAMP,E
709,K/DA,C
710,KAI,D
711,KALEO,C
712,KAROL G,A
713,KAYDEN,D
714,KCee,C
715,KEVIN ROLDAN,E
716,KHEA,C
717,KISS OF LIFE,E
718,KRYPTO9095,C
719,KSLV Noh,D
720,KYLE,E
721,Kaash Paige,D
722,Kadu Martins,D
723,Kaifi Khalil,D
724,Kaio Viana,C
725,Kaka,E
726,Kaliii,D
727,Kane Brown,C
728,Kanii,C
729,Kany Garcï¿½,D
730,Karan Aujla,E
731,Karan Sehmbi,E
732,Karik,E
733,Katy Perry,B
734,KayBlack,D
735,Kazuo,E
736,Ke Personajes,C
737,KeBlack,D
738,Keala Settle,D
739,Keisya Levronka,D
740,Ken Carson,E
741,Kenia OS,D
742,Kenny Chesney,E
743,Kenshi Yonezu,D
744,Kent Jones,E
745,Kenya Grace,C
746,Kep1er,C
747,Kerim Araz,D
748,Kevin Gates,A
749,Kevin MacLeod,E
750,Key Glock,C
751,Khaid,D
752,Khalid,E
753,Kids With Buns,D
754,Kikimoteleba,E
755,Kim Petras,D
756,Kina,E
757,King,C
758,King Gnu,E
759,King Promise,D
760,King Von,E
761,Kings of Leon,S
762,Kizz Daniel,D
763,Kodak Black,A
764,Koe Wetzel,E
765,Kordhell,D
766,Kouz1,C
767,Kreepa,E
768,Kukuli,E
769,Kungs,B
770,Kurochuu,E
771,Kxllswxtch,C
772,Kygo,B
773,Kylie Minogue,D
774,Kï¿½ï,D
775,Kï¿½ï¿½ï¿½,D
776,L.Dre,E
777,L7NNON,C
778,LE SSERAFIM,D
779,LF SYSTEM,C
780,LISA,C
781,LIT killah,C
782,LIZOT,E
783,LMFAO,D
784,LOLA,E
785,LOSTBOYJAY,E
786,LP,D
787,LUDMILLA,C
788,LUM!X,E
789,LXNGVX,D
790,La Adictiva,D
791,La Joaqui,E
792,La Pantera,D
793,La ï¿½ï¿½nica Trop,E
794,Labrinth,E
795,Laddi Chahal,E
796,Lah Pat,D
797,Lainey Wilson,D
798,Lamis Kan,C
799,Lartiste,E
800,Lasso,D
801,Latto,D
802,Laufey,E
803,Lauren Daigle,C
804,Lauren Spencer Smith,C
805,Lauty Gram,C
806,Lauv,B
807,Lay Bankz,D
808,Lazza,E
809,League of Legends,C
810,Leah Kate,E
811,Lee Brice,C
812,LeeHi,D
813,Lefty Sm,D
814,Lele Pons,C
815,Lenny Tavï¿½ï¿,D
816,Leo Santana,C
817,Leo Walrus,E
818,Lewis Capaldi,S
819,LiL CaKe,D
820,Liam Payne,D
821,Liamsi,D
822,Libianca,C
823,Lil Big Stack,C
824,Lil Dicky,E
825,Lil Mabu,C
826,Lil Mosey,B
827,Lil Peep,B
828,Lil Pump,E
829,Lil Tecca,C
830,Lil Tjay,D
831,Lilly Wood and The Prick,B
832,Linkin Park,B
833,Lithe,E
834,Little Big,E
835,Little Mix,B
836,Lizzy McAlpine,E
837,Logan Paul,C
838,Lola Amour,D
839,Lola Indigo,D
840,Lomiiel,E
841,Lord Huron,D
842,Lorde,E
843,Loreen,E
844,Los Dos Carnales,D
845,Los Gemelos De Sinaloa,E
846,Los Legendarios,E
847,Los ï¿½ï¿½ngeles Az,D
848,Lost Frequencies,E
849,Loud Luxury,B
850,Luan Pereira,D
851,Luca-Dante Spadafora,D
852,Luciano,D
853,Luck Ra,D
854,Lucky Brown,D
855,Luclover,E
856,Luh Kel,A
857,Luis Alfonso Partida El Yaki,E
858,"Luis Angel ""El Flaco""",E
859,Luis Fonsi,D
860,Luis R Conriquez,D
861,Lukas Graham,S
862,Luke Bryan,E
863,Luke Combs,C
864,Luli Pampï¿½,E
865,Lumi Athena,D
866,Lunay,C
867,Lusia Chebotina,E
868,Luude,A
869,Lvbel C5,E
870,Lyanno,E
871,M83,C
872,MAN WITH A MISSION,D
873,MC Cabelinho,D
874,MC Caverinha,D
875,MC Fioti,E
876,MC Kevin o Chris,D
877,MC L da Vinte,E
878,MC MENOR HR,D
879,MC PH,D
880,MC Paulin da Capital,E
881,MC Rogerinho,C
882,MC Ryan SP,E
883,MEDUZA,D
884,MELON,E
885,MEYY,C
886,MGMT,E
887,MISAMO,D
888,MK,D
889,MKTO,A
890,MODELKI,E
891,MORGENSHTERN,E
892,MUPP,E
893,Mabel,A
894,Mabel Matiz,E
895,Mac DeMarco,C
896,Macklemore,A
897,Macklemore & Ryan Lewis,D
898,Mae Stephens,E
899,Mahalini,D
900,Mahmood,D
901,Maian,E
902,Majestic,B
903,Major Lazer,D
904,Makar,D
905,Maluma,E
906,Maninder Buttar,E
907,Mankirt Aulakh,D
908,Mannat Noor,E
909,Manu,D
910,Manuel Turizo,E
911,Marc Anthony,E
912,Marc Seguï¿,C
913,Marca MP,C
914,Maren Morris,C
915,Mareux,D
916,Mari Fernandez,D
917,Maria Becerra,D
918,Maria Marï¿½ï,D
919,Mario,E
920,Mark Ambor,D
921,Mark Ronson,B
922,Marlon Hoffstadt,E
923,Marnik,E
924,Maroon 5,S
925,Marshmello,S
926,Martin Garrix,E
927,Marwa Loud,D
928,Marï¿½ï¿½lia Mendo,D
929,Masego,D
930,Masked Wolf,E
931,Master KG,E
932,Matheus Fernandes,C
933,Matt Sassari,D
934,Matuï¿,E
935,Mau P,D
936,Mau y Ricky,D
937,Mavins,D
938,Mawell,D
939,Mazhar Rahi,D
940,Mc Davi,D
941,Mc Don Juan,E
942,Mc IG,D
943,Mc Livinho,D
944,Mc Paiva ZS,C
945,Mc Poze do Rodo,C
946,Meek Mill,D
947,Meet Bros.,E
948,Megan Moroney,D
949,Meghan Trainor,E
950,Mehmood J,D
951,Melanie Martinez,C
952,Melike ï¿½ï¿½,D
953,Memphis Cult,D
954,Men I Trust,D
955,Mert Demir,D
956,Mesita,D
957,Metro Boomin,D
958,Michael Marcagi,D
959,Michelle Maciel,D
960,Miguel,C
961,Mike Posner,S
962,Mike WiLL Made-It,E
963,Miksu / Macloud,D
964,Milky Chance,B
965,Millind Gaba,C
966,Milo j,D
967,Minelli,C
968,Misael De La Rosa,D
969,Mithoon,E
970,Mitraz,D
971,Mitski,C
972,Moha K,C
973,Mon Laferte,E
974,Money Man,C
975,Moneybagg Yo,D
976,Montell Fish,A
977,MoonDeity,C
978,Mora,E
979,Morad,D
980,Morat,C
981,Moreart,C
982,Morgan Wallen,C
983,Morray,E
984,Mother Mother,E
985,Mounika Yadav,E
986,Mr. Belt & Wezol,E
987,Mrs. GREEN APPLE,E
988,Mundo Bita,E
989,Muni Long,C
990,Mustard,B
991,Mvua,E
992,Myke Towers,D
993,Myles Smith,E
994,Myriam Fares,E
995,Mï¿½ï¿½ne,E
996,NATTAN,E
997,NATTI NATASHA,E
998,NAV,E
999,NAYEON,E
1000,NEIKED,C
1001,NEXZ,E
1002,NF,C
1003,NIKI,E
1004,NLE Choppa,E
1005,NLO,D
1006,NMIXX,D
1007,NOAH,D
1008,NONT TANONT,E
1009,NTG,E
1010,Nabila Maharani,C
1011,Nadhif Basalamah,D
1012,Naiara Azevedo,D
1013,Naomi Scott,D
1014,Naps,E
1015,Nardo Wick,D
1016,Natalia Lafourcade,E
1017,Natanael Cano,C
1018,Nate Smith,D
1019,Nathan Dawe,D
1020,Nathan Evans,C
1021,Naza,D
1022,Neha Bhasin,E
1023,Neha Kakkar,E
1024,Nej,C
1025,Nelly Furtado,A
1026,Nemo,E
1027,Nemzzz,E
1028,Neon Trees,D
1029,New West,B
1030,NewJeans,D
1031,Niall Horan,B
1032,Nickelback,E
1033,Nicki Nicole,D
1034,Nicky Jam,E
1035,Nicky Youre,E
1036,Nico & Vinz,C
1037,Niklas Dee,D
1038,Nina Chuba,D
1039,Ninho,D
1040,Nio Garcia,E
1041,Nirvair Pannu,C
1042,Nirvana,S
1043,NoSpace,C
1044,Noah Cyrus,D
1045,Noah Kahan,E
1046,Normani,D
1047,Number_i,D
1048,Nursery Rhymes,E
1049,Nï¿½,E
1050,ODESZA,C
1051,OMI,S
1052,OP,E
1053,OctaSounds,C
1054,Odetari,D
1055,Of Monsters and Men,B
1056,Ofenbach,E
1057,Offset,C
1058,Ohboyprince,D
1059,Old Dominion,D
1060,Olexesh,E
1061,Oliver Anthony Music,D
1062,Oliver Tree,E
1063,Olivetheboy,D
1064,Omah Lay,D
1065,Omar Apollo,C
1066,Omoinotake,D
1067,One Direction,D
1068,OneRepublic,S
1069,Os Barï¿½ï¿½es Da Pisad,D
1070,Os Quebradeiras,E
1071,Oscar Maydon,D
1072,Ovy On The Drums,D
1073,Oxlade,A
1074,Ozuna,E
1075,P!nk,B
1076,PAMOKHOL ID,C
1077,PARTYNEXTDOOR,C
1078,PAWSA,E
1079,PEDRO SAMPAIO,C
1080,PIGGS,E
1081,PSY,D
1082,Pablito Pesadilla,E
1083,Pablo Alborï¿½,C
1084,Pablo Chill-E,E
1085,Paloma Faith,E
1086,Pamungkas,C
1087,Panic! At The Disco,B
1088,Param Singh,E
1089,Parker McCollum,D
1090,Parmalee,D
1091,Parmish Verma,E
1092,Pashanim,E
1093,Passenger,B
1094,Paul Russell,C
1095,Paulo Londra,E
1096,Pawan Singh,E
1097,Payal Dev,E
1098,Paylon,E
1099,Pedro Capï¿,D
1100,Peezy,D
1101,Peggy Gou,C
1102,Pentatonix,C
1103,Peso Pluma,A
1104,Peter Fox,D
1105,Pharrell Williams,D
1106,Pheelz,C
1107,Philly Goats,D
1108,Phong Max,D
1109,Pia Mia,D
1110,Picus,D
1111,Pierce,E
1112,Pierre Garnier,E
1113,Pineapple StormTv,C
1114,Pink Sweat$,C
1115,PinkPantheress,C
1116,Pinkfong,D
1117,Piso 21,E
1118,Pitbull,D
1119,PlayaPhonk,C
1120,PnB Rock,D
1121,Polimï¿½ï¿½ Westc,E
1122,Pooh Shiesty,C
1123,Pop Smoke,D
1124,Popp Hunna,E
1125,Portugal. The Man,B
1126,PowerDress,E
1127,Powfu,E
1128,Prinz,D
1129,Pritam,E
1130,Ptrp Studio,D
1131,Puri,E
1132,Purple Disco Machine,D
1133,Q' Lokura,E
1134,QWER,E
1135,Quality Control,A
1136,Quavo,D
1137,Quevedo,D
1138,R. City,A
1139,R3HAB,D
1140,RADWIMPS,A
1141,RAYE,E
1142,RIIZE,D
1143,RM,E
1144,ROSALï¿½,E
1145,Rachel Platten,C
1146,Rae Sremmurd,C
1147,Rag'n'Bone Man,D
1148,Raim Laode,C
1149,Rajeev Raja,E
1150,Raju Punjabi,E
1151,Rammstein,D
1152,Ramz,D
1153,Rasha Nahas,E
1154,Rauw Alejandro,D
1155,Raï¿½ï¿½ Saia Ro,C
1156,Realest Cram,D
1157,Red Hot Chili Peppers,E
1158,Red Velvet,C
1159,Regard,E
1160,Rei,D
1161,Reik,E
1162,Rels B,C
1163,Rema,E
1164,Renn,E
1165,Renuka Panwar,E
1166,Renzo Pianciola,B
1167,Restricted,E
1168,Rex Orange County,E
1169,Reynmen,E
1170,Riar Saab,D
1171,Rich Amiri,D
1172,Rich The Kid,A
1173,Richard Carter,E
1174,Rick Astley,B
1175,Ricky Desktop,E
1176,Ricky Martin,E
1177,Riley Green,E
1178,Rita Ora,B
1179,Ritesh Pandey,E
1180,Riton,A
1181,Ritt Momney,C
1182,Rixton,E
1183,Rob $tone,B
1184,Rob49,E
1185,Robin Schulz,D
1186,Rochy RD,D
1187,Rod Wave,D
1188,Romeo Santos,E
1189,Ron Gallo,E
1190,Rosa Linn,B
1191,Rose Villain,E
1192,Roxy Dekker,E
1193,Roy Woods,D
1194,Royal & the Serpent,D
1195,Royel Otis,D
1196,Ruchika Jangid,E
1197,Rudimental,D
1198,Ruger,D
1199,Rusherking,E
1200,Russ,A
1201,Russ Millions,D
1202,Ruth B.,C
1203,Rvssian,A
1204,Ryan Castro,E
1205,Ryan Gosling,C
1206,Ryan Hurd,E
1207,Rylo Rodriguez,D
1208,S1mba,E
1209,SAIKO,D
1210,SAINt JHN,B
1211,SB19,D
1212,SDM,D
1213,SEVENTEEN,D
1214,SHAED,C
1215,SHAUN,D
1216,SIRA,D
1217,SLANDER,D
1218,SPENCE,E
1219,SPRITE,C
1220,SR,D
1221,SUICIDAL-IDOL,A
1222,SUPER JUNIOR,E
1223,Saad Lamjarred,E
1224,Sabrina Carpenter,A
1225,Sachin-Jigar,D
1226,Sada Baby,D
1227,Sage The Gemini,E
1228,Salastkbron,E
1229,Sam Barber,D
1230,Sam Fischer,D
1231,Sam Hunt,E
1232,Sandeep Surila,E
1233,Sanju Rathod,E
1234,Santa Fe Klan,D
1235,Santhosh Narayanan,E
1236,Sara Kays,C
1237,Sarah Cothran,D
1238,Sarah Jeffery,E
1239,Sasha Alex Sloan,D
1240,SativaMusic,D
1241,Scotty McCreery,E
1242,Sean Kingston,E
1243,Sean Paul,C
1244,Sebastian Yatra,E
1245,Sech,E
1246,Sefo,D
1247,Semicenk,D
1248,Sexyy Red,D
1249,Shaan,E
1250,Shaboozey,E
1251,Shae Gill,E
1252,Shakira,C
1253,Shaun Reynolds,E
1254,Shawn Mendes,A
1255,Shayne Orok,E
1256,Sheck Wes,D
1257,Shilpa Rao,E
1258,Shivali,E
1259,Shivani Singh,E
1260,Shoreline Mafia,E
1261,Shoti,E
1262,Shouse,A
1263,Showtek,E
1264,Shubh,D
1265,Sia,B
1266,Siddhant,E
1267,Sidhu Moose Wala,E
1268,Simone Mendes,D
1269,Sintage,E
1270,Ski Aggu,D
1271,Ski Mask The Slump God,E
1272,Skrillex,D
1273,Sky Rompiendo,D
1274,SleazyWorld Go,D
1275,Sleep Token,D
1276,Sleepy Hallow,E
1277,Slimane,E
1278,Slowboy,D
1279,Sofï¿½ï¿½a R,C
1280,Sohail Sen,E
1281,Sonny Fodera,E
1282,Soolking,D
1283,Sophie and the Giants,E
1284,Soy Pau,D
1285,Spyro,D
1286,Stacey Ryan,D
1287,Standly,C
1288,StarBoi3,D
1289,StaySolidRocky,D
1290,Stellar,E
1291,Stephanie Beatriz,D
1292,Stephen Dawes,C
1293,Stephen Sanchez,C
1294,Steps,E
1295,Steve Lacy,B
1296,Stray Kids,A
1297,Stromae,C
1298,Sub Urban,E
1299,Sueco,D
1300,Sumit Goswami,E
1301,SunKissed Lola,D
1302,Sunidhi Chauhan,C
1303,Super Simple Songs,E
1304,Super Yei,E
1305,Superstar Pride,C
1306,Surf Curse,B
1307,Surf Mesa,A
1308,Surfaces,A
1309,Surgeon,E
1310,Swedish House Mafia,S
1311,Switch Disco,D
1312,SwitchOTR,D
1313,SyKo,D
1314,TAEYANG,D
1315,TAEYEON,D
1316,TAIRA,E
1317,THE ANXIETY,D
1318,THE BOX,E
1319,THE SCOTTS,D
1320,TINI,A
1321,TOADI,D
1322,TOMORROW X TOGETHER,D
1323,TR-MEET,E
1324,TRASHXRL,D
1325,TREASURE,C
1326,TWICE,D
1327,TWISTED,E
1328,Tai Verdes,E
1329,Tainy,E
1330,Taio Cruz,E
1331,Taiu,D
1332,Takeoff,D
1333,Tame Impala,D
1334,Tank,E
1335,Tanveer Anjum,E
1336,Tarcï¿½ï¿½sio do Acor,E
1337,Tate McRae,D
1338,Tatsuya Kitani,E
1339,Tayc,C
1340,Tech N9ne,E
1341,Teddy Swims,B
1342,Tee Grizzley,D
1343,Tems,D
1344,Terry Flow,E
1345,Tesher,C
1346,Teto,E
1347,Teya Dora,C
1348,Thalapathy Vijay,E
1349,Thalia,E
1350,That Mexican OT,D
1351,The 1975,C
1352,The Academy: Segunda Misiï¿½,E
1353,The Beach Boys,D
1354,The Black Keys,E
1355,The Blessed Madonna,E
1356,The Chainsmokers,D
1357,The Kid LAROI,A
1358,The Killers,B
1359,The King Khan & BBQ Show,E
1360,The Kolors,D
1361,The La Planta,E
1362,The Living Tombstone,D
1363,The Lumineers,B
1364,The Neighbourhood,D
1365,The Offspring,E
1366,The Puddleducks,E
1367,The Rare Occasions,D
1368,The Script,D
1369,The Strokes,A
1370,The Walters,A
1371,The White Stripes,D
1372,Thirty Seconds To Mars,E
1373,Thomas Rhett,E
1374,Thrife,C
1375,Through Fire,D
1376,Thullio Milionï¿½ï¿,E
1377,ThxSoMch,A
1378,Tiago PZK,C
1379,Tiagz,E
1380,Tim McGraw,E
1381,Timbaland,E
1382,Tinashe,C
1383,Tion Wayne,E
1384,TitoM,D
1385,Tiï¿½ï¿,B
1386,Tokischa,C
1387,Tollan Kim,E
1388,Tom Grennan,E
1389,Tom Odell,A
1390,Tom Santa,D
1391,Tom Walker,C
1392,Tommee Profitt,E
1393,Tommy Richman,E
1394,Tones And I,B
1395,Tony Effe,E
1396,Tony Kakkar,C
1397,Toosii,D
1398,Topic,A
1399,Tory Lanez,B
1400,Tove Lo,D
1401,Toy Cantando,D
1402,Trevor Daniel,C
1403,Tri Suaka,D
1404,Trinix,C
1405,Trippie Redd,A
1406,Troye Sivan,D
1407,Trueno,E
1408,Tucker Wetmore,D
1409,Tulus,D
1410,Twenty One Pilots,D
1411,Two Feet,C
1412,Tyga,D
1413,Tyla,C
1414,Tyler Braden,D
1415,Tyler Childers,D
1416,Tyler Hubbard,D
1417,Tyler ICU,C
1418,Tz da Coronel,D
1419,Tï¿½ï¿½ng Duy ,D
1420,USHER,B
1421,UZI,E
1422,Udo Lindenberg,D
1423,V,C
1424,Vacations,D
1425,Valentino Khan,D
1426,Valentino Merlo,E
1427,Vance Joy,B
1428,Vanco,E
1429,VaporGod,E
1430,Varun Jain,E
1431,Vedo,E
1432,Vegedream,E
1433,Veigh,E
1434,Ven'nus,E
1435,Victony,D
1436,Victor Cibrian,D
1437,Victor Thompson,E
1438,Victoria Monï¿½,D
1439,Vierre Cloud,E
1440,Vinay Pandey Sanu,E
1441,Vishal Mishra,E
1442,Vishal-Shekhar,D
1443,Vulgo FK,D
1444,Vï¿½,C
1445,WALK THE MOON,B
1446,WILLOW,B
1447,WIU,D
1448,WOS,D
1449,WZ Beat,E
1450,Waka Flocka Flame,C
1451,Wale,E
1452,Walker Hayes,D
1453,Wallows,B
1454,Warren Zeiders,D
1455,Werenoi,E
1456,Wild Child,E
1457,Willy Paul,D
1458,Wisin,E
1459,Wisin & Yandel,C
1460,Witt Lowry,E
1461,Wizard Chan,E
1462,Wizkid,C
1463,Wren Evans,D
1464,X Ambassadors,C
1465,XG,D
1466,XXXTENTACION,B
1467,Xamdam Sobirov,E
1468,Xamï¿,E
1469,Xavi,D
1470,Xilo,E
1471,Y2K,C
1472,YBN Nahmir,D
1473,YFN Lucci,C
1474,YG,C
1475,YG Marley,D
1476,YK Osiris,D
1477,YNW Melly,D
1478,YOASOBI,D
1479,YOUNGOHM,C
1480,YOVNGCHIMI,D
1481,YSY A,E
1482,YUQI,E
1483,Yahir Saldivar,E
1484,Yahritza Y Su Esencia,A
1485,Yall,D
1486,Yamï¿,C
1487,Yandel,D
1488,Yash Narvekar,E
1489,Yasin,E
1490,Yeat,D
1491,Yng Lvcas,A
1492,Yo Gotti,D
1493,Yo Yo Honey Singh,E
1494,Yot Club,C
1495,Young M.A,D
1496,Young Miko,D
1497,Young Nudy,D
1498,Young Stoner Life,D
1499,Young T & Bugsey,D
1500,YoungBoy Never Broke Again,D
1501,Yung Bleu,E
1502,Yung Gravy,C
1503,Yung Lean,E
1504,Yung Yury,D
1505,YungManny,C
1506,Yuridia,E
1507,ZAYN,S
1508,ZEROBASEONE,E
1509,ZICO,D
1510,Zac Efron,B
1511,Zach Bryan,C
1512,Zack Knight,E
1513,Zack Tabudlo,A
1514,Zara Larsson,S
1515,Zay Hilfigerrr,D
1516,Zedd,B
1517,Zerb,D
1518,Zerrin ï¿½ï¿,D
1519,Zeynep Bastï¿½,E
1520,Zion & Lennox,E
1521,Zoe Wees,C
1522,Zï¿½ï¿½ Fe,D
1523,Zï¿½ï¿½ Vaqu,D
1524,aespa,D
1525,aldn,E
1526,alyona alyona,E
1527,bbno$,E
1528,beabadoobee,D
1529,benny blanco,B
1530,blackbear,C
1531,bonnadol,C
1532,cassï¿,A
1533,charlieonnafriday,D
1534,corwinn,E
1535,d4vd,B
1536,daine,E
1537,digV,E
1538,elijah woods,D
1539,fellow fellow,D
1540,flora cash,D
1541,florias,E
1542,fun.,E
1543,g3ox_em,C
1544,girl in red,E
1545,gnash,A
1546,grandson,D
1547,great area,E
1548,iZaak,D
1549,ian,E
1550,imase,D
1551,iï¿½ï¿½igo quin,A
1552,j-hope,C
1553,juan karlos,D
1554,juju<3,C
1555,koko die,E
1556,kostromin,E
1557,lucidbeatz,C
1558,mafalda cardenal,D
1559,mgk,B
1560,natori,A
1561,phonk.me,E
1562,prod.67,E
1563,purpl,E
1564,salem ilese,E
1565,sped up 8282,E
1566,sped up nightcore,C
1567,thï¿½ï,E
1568,tripleS,E
1569,tuki.,E
1570,twocolors,D
1571,venbee,D
1572,wave to earth,D
1573,will.i.am,E
1574,yuji,A
1575,zzoilo,D
1576,ýý$,D
1577,ýýdith Piaf,D
1578,ýýengo Flow,D
1579,ýýneheart,E
1580,ýýwnboss,D
1581,ýýýýýý,D
1582,ýýýýýýýýýý,D
1583,ýýýýýýýýýý ýýýýýýýý,D
1584,ýýýýýýýýýýýý,D
1585,ýýýýýýýýýýýý ýýýýýýýýýýýýýý,D
1586,ýýýýýýýýýýýýýýý ýýýýýýýýýýýýýýý,E
1587,ýýýýýýýýýýýýýýý(ýýýýýýýýýýýýýýý),E
1588,ýýýýýýýýýýýýýýýýýý,D
